{
"meta": {
"version": 3,
"hu_source": "2p.json",
"three_source": "3p.json",
"n_keys": 169,
"value_layout": [
"hu_win",
"hu_tie",
"three_way_win",
"three_way_tie"
]
},
"values": {
"h:10:0:0": [
0.4510993017451984,
0.043710134153176344,
0.2679701303933318,
0.039207790981165405
],
"h:10:0:1": [
0.48101815889644617,
0.04134438744522001,
0.30679846775426006,
0.03727982258119596
],
"h:10:1:0": [
0.4602489706672342,
0.04389077916929111,
0.2763350510747469,
0.03995152387190444
],
"h:10:1:1": [
0.48938409324989207,
0.04161674324090079,
0.3143797940168348,
0.03803951575682973
],
"h:10:2:0": [
0.46924765409766067,
0.04405837386113589,
0.28469507207569816,
0.040718592318235096
],
"h:10:2:1": [
0.4976303726155054,
0.0418452955425996,
0.3219561844305447,
0.03880113897952313
],
"h:10:3:0": [
0.47958999937260804,
0.04322165709274209,
0.29391688640523683,
0.04089245401605481
],
"h:10:3:1": [
0.5071345017697602,
0.041119214287907296,
0.33033690599544946,
0.03898973935304504
],
"h:10:4:0": [
0.4899650081208162,
0.04055102984764673,
0.30400853636715586,
0.039251174333045924
],
"h:10:4:1": [
0.5167924415862832,
0.03866644555391744,
0.33966030647480006,
0.03747621176323925
],
"h:10:5:0": [
0.49904364588321243,
0.03722602709684779,
0.3134471949058688,
0.036671325222253304
],
"h:10:5:1": [
0.525234864837085,
0.035575534365345336,
0.3483665452290063,
0.03506244943792481
],
"h:10:6:0": [
0.5193052192143641,
0.03338540304973506,
0.3371056196556991,
0.03373892411374357
],
"h:10:6:1": [
0.5441701864498217,
0.03201428661055992,
0.37036367752856447,
0.03234741405742149
],
"h:10:7:0": [
0.5386200390508571,
0.029968620391839663,
0.36115326898847605,
0.030901373979959245
],
"h:10:7:1": [
0.5622279631444426,
0.028830508067325837,
0.39271890124639675,
0.029711981907152633
],
"h:10:8:0": [
0.559473896109617,
0.026867859722029125,
0.3889344143596182,
0.028389579030993418
],
"h:10:8:1": [
0.5817063978339914,
0.025938390493696416,
0.41851839474752217,
0.027386768446146733
],
"h:10:9:0": [
0.5690623165140808,
0.02456916052099082,
0.4016849074886256,
0.025887070848566437
],
"h:10:9:1": [
0.590708761232747,
0.023766580357369307,
0.4303941612440887,
0.025021898505035195
],
"h:11:0:0": [
0.48422782260102204,
0.04171883030116149,
0.29290407050302414,
0.04044961760557839
],
"h:11:0:1": [
0.5123995219426037,
0.03943552270233916,
0.33087176989411426,
0.03841370099706772
],
"h:11:10:0": [
0.6043225277945115,
0.020470945365223158,
0.43358094395081104,
0.02252785175712795
],
"h:11:10:1": [
0.6240841984762957,
0.0198396689430124,
0.4609333800559336,
0.02176965439811937
],
"h:11:1:0": [
0.49331264227160887,
0.04188850835375213,
0.30146775110359064,
0.041152656180672265
],
"h:11:1:1": [
0.5207012701921516,
0.039696988766633294,
0.338639050420273,
0.03913335420725254
],
"h:11:2:0": [
0.5022515437369409,
0.0420463546335754,
0.3100282600437993,
0.04188123155161549
],
"h:11:2:1": [
0.5288884350308958,
0.039915861307099544,
0.3463973330305803,
0.039856989565124436
],
"h:11:3:0": [
0.5125391743331482,
0.04120110800466293,
0.3196097597311225,
0.0419160205217387
],
"h:11:3:1": [
0.53833852123531,
0.03918131026132876,
0.35511107108426576,
0.0399152461946484
],
"h:11:4:0": [
0.5229712047126478,
0.03852316945055151,
0.33006736098922285,
0.040027120304995736
],
"h:11:4:1": [
0.5480467143827789,
0.036721281706414505,
0.3647725495644662,
0.03817066314466416
],
"h:11:5:0": [
0.5341732809794789,
0.03540044148178154,
0.34193606095078977,
0.03767291728425874
],
"h:11:5:1": [
0.5584632091841025,
0.03382833174196989,
0.3757420556943466,
0.0359696888958144
],
"h:11:6:0": [
0.5443163353980058,
0.03177078035542422,
0.35320761109881255,
0.03437015035220128
],
"h:11:6:1": [
0.5679041009502223,
0.030438796772878973,
0.38616174328977704,
0.03286654490485447
],
"h:11:7:0": [
0.5640764356929945,
0.028085621740636953,
0.37791059259437937,
0.030952955941425487
],
"h:11:7:1": [
0.5863813945111025,
0.02700672119827658,
0.4091354398831705,
0.02968780123464846
],
"h:11:8:0": [
0.5849428410671308,
0.024892620631354632,
0.4061284238492247,
0.028050848008108035
],
"h:11:8:1": [
0.6058706507579905,
0.024029861853636092,
0.43533974081822463,
0.02699769019785279
],
"h:11:9:0": [
0.5944123325612026,
0.02254903811663425,
0.4192371010095714,
0.025273589773428994
],
"h:11:9:1": [
0.614765567090795,
0.021815668436522204,
0.447552694683947,
0.024373772248398283
],
"h:12:0:0": [
0.5294730546607116,
0.03962506419325507,
0.33248621453473914,
0.042195608494061
],
"h:12:0:1": [
0.5550626052287874,
0.03745274680387674,
0.36857819609745546,
0.04005172001750552
],
"h:12:10:0": [
0.6350878734865123,
0.018461040486612033,
0.4576557850685435,
0.022336798181569577
],
"h:12:10:1": [
0.6531369868329694,
0.01790327428030615,
0.4841512722041884,
0.0215079026867663
],
"h:12:11:0": [
0.6446937793422529,
0.017013877089534616,
0.4728669270850764,
0.019945798749746047
],
"h:12:11:1": [
0.6621960772367141,
0.016500491711275416,
0.49837279645730126,
0.019213972949554615
],
"h:12:1:0": [
0.5385531202641682,
0.03978580620149273,
0.34203915534354273,
0.042852914617423465
],
"h:12:1:1": [
0.5633505360768477,
0.03770533975370768,
0.37725643756823246,
0.04072664226722125
],
"h:12:2:0": [
0.5473287043631963,
0.03993614380128193,
0.3510638371147901,
0.04354008305254084
],
"h:12:2:1": [
0.5713779929598616,
0.037916733648859946,
0.3854462388187927,
0.041409153090681695
],
"h:12:3:0": [
0.55742293996622,
0.03908480727530545,
0.36112003779438473,
0.0434206438009349
],
"h:12:3:1": [
0.5806411940774965,
0.03717612417097023,
0.39459551467949894,
0.041322512318674426
],
"h:12:4:0": [
0.5587030559707975,
0.036242933974531724,
0.3595128961064932,
0.040842270241380166
],
"h:12:4:1": [
0.5817889794888605,
0.034538601861847554,
0.39301963386618455,
0.03889741324157427
],
"h:12:5:0": [
0.5716951538836037,
0.03343360067094707,
0.37381810816100397,
0.03872653070005235
],
"h:12:5:1": [
0.5938667242189113,
0.03194572258864582,
0.4062555824654492,
0.03691994441170898
],
"h:12:6:0": [
0.583741555237855,
0.02996899129679626,
0.3875775972415052,
0.0355676547147835
],
"h:12:6:1": [
0.6050780917025796,
0.028720029401607262,
0.4189897691726239,
0.033954460834480005
],
"h:12:7:0": [
0.5944974132954839,
0.02646130116891314,
0.40064834755591106,
0.031854723730935106
],
"h:12:7:1": [
0.6150967375428853,
0.025430803246648353,
0.4310930402701609,
0.030456275835466756
],
"h:12:8:0": [
0.6156808422917845,
0.023071408166888574,
0.42947646764799946,
0.028340855065478933
],
"h:12:8:1": [
0.6348891518595496,
0.02226943203486087,
0.4578757581334154,
0.027189299779726072
],
"h:12:9:0": [
0.6253517509097659,
0.020561656417675992,
0.4431530152255887,
0.02521254022424088
],
"h:12:9:1": [
0.643976206494708,
0.019901167654570527,
0.470619105783703,
0.02423732921270968
],
"h:1:0:0": [
0.2923944961327676,
0.061275570273521825,
0.18369980002221672,
0.032362807472955384
],
"h:1:0:1": [
0.33091971604889536,
0.057849179842373956,
0.22504971289954884,
0.031023263126885182
],
"h:2:0:0": [
0.3011740662682251,
0.061646869972163995,
0.1921979889130165,
0.03340850375501944
],
"h:2:0:1": [
0.339179443818006,
0.05822140680340766,
0.2329829703433764,
0.032017672657620865
],
"h:2:1:0": [
0.320663049818924,
0.06159176817925328,
0.21059161406379961,
0.03430714540172119
],
"h:2:1:1": [
0.35727358111691404,
0.05829180532695794,
0.2499691795954136,
0.03296805510842887
],
"h:3:0:0": [
0.3119380732698428,
0.06181676351195307,
0.19975672900460753,
0.034517446732055104
],
"h:3:0:1": [
0.3492953525704286,
0.05839585465560091,
0.24010346094161095,
0.03305984926511059
],
"h:3:1:0": [
0.3316498128979958,
0.06199579666475394,
0.21908728267614921,
0.035412791418674344
],
"h:3:1:1": [
0.36758676696928316,
0.058685714018738934,
0.25795582509863246,
0.034011922085690996
],
"h:3:2:0": [
0.3507482025411852,
0.06160933658356683,
0.23747537410939526,
0.03625659129578949
],
"h:3:2:1": [
0.38532531606537157,
0.05841777523388465,
0.2749292373157576,
0.0348922022018904
],